<?xml version="1.0" encoding="utf-8"?>
<odoo>
    <!-- Recalculate Running Balances -->
    <record id="cron_recalculate_running_balances" model="ir.cron">
        <field name="name">Recalculate All Running Balances</field>
        <field name="model_id" ref="model_property_statement"/>
        <field name="state">code</field>
        <field name="code">model.cron_recalculate_running_balances()</field>
        <field name="interval_number">1</field>
        <field name="interval_type">days</field>
        <field name="active">False</field>
    </record>
</odoo>
